{
  "lang":"en",
  "name":"pipeline",
  "version":"0.0.0",
  "spacy_version":">=3.8.2,<3.9.0",
  "description":"",
  "author":"",
  "email":"",
  "url":"",
  "license":"",
  "spacy_git_version":"63f1b53",
  "vectors":{
    "width":0,
    "vectors":0,
    "keys":0,
    "name":null,
    "mode":"default"
  },
  "labels":{
    "tok2vec":[

    ],
    "ner":[
      " DEVELOP",
      "CERTIFICATE",
      "DATA TOOLS",
      "DOMAIN",
      "EDUCATION",
      "EXPERIENCE",
      "LANGUAGE",
      "RESPONSIBILITY",
      "SALARY",
      "SKILLS",
      "SOFT-SKILLS"
    ]
  },
  "pipeline":[
    "tok2vec",
    "ner"
  ],
  "components":[
    "tok2vec",
    "ner"
  ],
  "disabled":[

  ],
  "performance":{
    "ents_f":0.7865921788,
    "ents_p":0.7905670971,
    "ents_r":0.7826570317,
    "ents_per_type":{
      "DOMAIN":{
        "p":0.5102040816,
        "r":0.25,
        "f":0.3355704698
      },
      "SKILLS":{
        "p":0.7797527048,
        "r":0.819658814,
        "f":0.7992079208
      },
      "EDUCATION":{
        "p":0.8281786942,
        "r":0.8197278912,
        "f":0.8239316239
      },
      "LANGUAGE":{
        "p":0.9852941176,
        "r":1.0,
        "f":0.9925925926
      },
      "EXPERIENCE":{
        "p":0.8780487805,
        "r":0.8571428571,
        "f":0.8674698795
      },
      "SOFT-SKILLS":{
        "p":0.8333333333,
        "r":0.5952380952,
        "f":0.6944444444
      },
      "SALARY":{
        "p":0.8333333333,
        "r":0.7142857143,
        "f":0.7692307692
      },
      "DATA TOOLS":{
        "p":0.0,
        "r":0.0,
        "f":0.0
      },
      "RESPONSIBILITY":{
        "p":0.0,
        "r":0.0,
        "f":0.0
      },
      " DEVELOP":{
        "p":0.0,
        "r":0.0,
        "f":0.0
      }
    },
    "tok2vec_loss":809.1172461703,
    "ner_loss":2512.3952243259
  }
}