{
  "lang":"en",
  "name":"pipeline",
  "version":"0.0.0",
  "spacy_version":">=3.8.2,<3.9.0",
  "description":"",
  "author":"",
  "email":"",
  "url":"",
  "license":"",
  "spacy_git_version":"63f1b53",
  "vectors":{
    "width":0,
    "vectors":0,
    "keys":0,
    "name":null,
    "mode":"default"
  },
  "labels":{
    "tok2vec":[

    ],
    "ner":[
      " DEVELOP",
      "CERTIFICATE",
      "DATA TOOLS",
      "DOMAIN",
      "EDUCATION",
      "EXPERIENCE",
      "LANGUAGE",
      "RESPONSIBILITY",
      "SALARY",
      "SKILLS",
      "SOFT-SKILLS"
    ]
  },
  "pipeline":[
    "tok2vec",
    "ner"
  ],
  "components":[
    "tok2vec",
    "ner"
  ],
  "disabled":[

  ],
  "performance":{
    "ents_f":0.775781034,
    "ents_p":0.7717271727,
    "ents_r":0.7798777098,
    "ents_per_type":{
      "SKILLS":{
        "p":0.7653846154,
        "r":0.8082859464,
        "f":0.7862504939
      },
      "EDUCATION":{
        "p":0.8073089701,
        "r":0.8265306122,
        "f":0.8168067227
      },
      "DOMAIN":{
        "p":0.4520547945,
        "r":0.33,
        "f":0.3815028902
      },
      "LANGUAGE":{
        "p":1.0,
        "r":0.9850746269,
        "f":0.992481203
      },
      "EXPERIENCE":{
        "p":0.875,
        "r":0.8333333333,
        "f":0.8536585366
      },
      "SOFT-SKILLS":{
        "p":0.8666666667,
        "r":0.619047619,
        "f":0.7222222222
      },
      "SALARY":{
        "p":0.8333333333,
        "r":0.7142857143,
        "f":0.7692307692
      },
      "DATA TOOLS":{
        "p":0.0,
        "r":0.0,
        "f":0.0
      },
      "RESPONSIBILITY":{
        "p":0.0,
        "r":0.0,
        "f":0.0
      },
      " DEVELOP":{
        "p":0.0,
        "r":0.0,
        "f":0.0
      }
    },
    "tok2vec_loss":819.6888496642,
    "ner_loss":2087.3703536199
  }
}